{
    "CyborgSpade": {
        "buildPoints": 20,
        "buildPower": 17,
        "constructPoints": 5,
        "droidType": "CYBORG_CONSTRUCT",
        "hitpoints": 20,
        "id": "CyborgSpade",
        "mountModel": "cybodyar.pie",
        "name": "Combat Engineer",
        "sensorModel": "cy_con.pie",
        "weight": 3500
    },
    "CyborgSpadeNAS": {
        "buildPoints": 30,
        "buildPower": 22,
        "constructPoints": 6,
        "droidType": "CYBORG_CONSTRUCT",
        "hitpoints": 20,
        "id": "CyborgSpadeNAS",
        "mountModel": "cybodyar.pie",
        "name": "NASDA Combat Engineer",
        "sensorModel": "cy_con.pie",
        "weight": 3500
    },
    "HvyCybSpade": {
        "buildPoints": 50,
        "buildPower": 5,
        "constructPoints": 6,
        "droidType": "CYBORG_CONSTRUCT",
        "id": "HvyCybSpade",
        "mountModel": "scbody.pie",
        "name": "HvyCybSpade",
        "sensorModel": "cy_con.pie"
    },
    "Spade1Hvy": {
        "buildPoints": 350,
        "buildPower": 62,
        "constructPoints": 22,
        "designable": 1,
        "droidType": "DROID_CONSTRUCT",
        "id": "Spade1Hvy",
        "name": "Dump Truck",
        "sensorModel": "TRLCON2.PIE",
        "weight": 108000
    },
    "Spade1Mk1": {
        "buildPoints": 50,
        "buildPower": 15,
        "constructPoints": 7,
        "designable": 1,
        "droidType": "DROID_CONSTRUCT",
        "hitpoints": 25,
        "id": "Spade1Mk1",
        "name": "Truck",
        "sensorModel": "TRLCON.PIE",
        "weight": 1000
    },
    "Spade1Mk1NAS": {
        "buildPoints": 45,
        "buildPower": 37,
        "constructPoints": 9,
        "designable": 1,
        "droidType": "DROID_CONSTRUCT",
        "hitpoints": 25,
        "id": "Spade1Mk1NAS",
        "name": "NASDA Truck",
        "sensorModel": "TRLCONar.PIE",
        "weight": 1000
    },
    "ZNULLCONSTRUCT": {
        "id": "ZNULLCONSTRUCT",
        "mountModel": "TRLCON.PIE",
        "name": "ZNULLCONSTRUCT",
        "sensorModel": "TRLCON.PIE"
    },
    "scavCrane1": {
        "buildPoints": 25,
        "buildPower": 5,
        "constructPoints": 10,
        "droidType": "DROID_CONSTRUCT",
        "hitpoints": 35,
        "id": "scavCrane1",
        "name": "Crane1",
        "sensorModel": "cranearm1.pie",
        "weight": 16000
    },
    "scavCrane2": {
        "buildPoints": 25,
        "buildPower": 5,
        "constructPoints": 13,
        "droidType": "DROID_CONSTRUCT",
        "hitpoints": 35,
        "id": "scavCrane2",
        "name": "Crane2",
        "sensorModel": "cranearm2.pie",
        "weight": 16000
    }
}