{
    "ECM1TurretMk1": {
        "buildPoints": 450,
        "buildPower": 285,
        "designable": 1,
        "droidType": "DROID_ECM",
        "hitpoints": 50,
        "id": "ECM1TurretMk1",
        "location": "TURRET",
        "mountModel": "TRHSNSR3.PIE",
        "name": "Jammer Turret",
        "range": 1280,
        "sensorModel": "GNHSNSR3.PIE",
        "weight": 2000
    },
    "ECMBunker": {
        "buildPoints": 100,
        "buildPower": 20,
        "id": "ECMBunker",
        "location": "DEFAULT",
        "name": "ECM Bunker",
        "range": 75,
        "weight": 2000
    },
    "ECMCommandCenter": {
        "buildPoints": 100,
        "buildPower": 20,
        "id": "ECMCommandCenter",
        "location": "DEFAULT",
        "mountModel": "TRHSNSR3ar.PIE",
        "name": "ECM Command Center",
        "range": 2560,
        "sensorModel": "GNHSNSR3ar.PIE",
        "weight": 2000
    },
    "ECMHardpoint": {
        "buildPoints": 100,
        "buildPower": 20,
        "hitpoints": 200,
        "id": "ECMHardpoint",
        "location": "DEFAULT",
        "name": "ECM Hardpoint",
        "range": 512,
        "weight": 2000
    },
    "RepairCentre": {
        "id": "RepairCentre",
        "location": "TURRET",
        "name": "Repair Center Turret",
        "sensorModel": "GNHREPAR.PIE",
        "weight": 230000
    },
    "RoboticRepairCentre": {
        "id": "RoboticRepairCentre",
        "location": "TURRET",
        "name": "Robotic Repair Center Turret",
        "sensorModel": "GNHREPARar.PIE",
        "weight": 230000
    },
    "ZNULLECM": {
        "id": "ZNULLECM",
        "location": "DEFAULT",
        "name": "ZNULLECM"
    }
}