{
    "BaBaLegs": {
        "buildPoints": 15,
        "buildPower": 1,
        "deceleration": 450,
        "hitpointPctOfBody": 50,
        "id": "BaBaLegs",
        "name": "BaBaLegs",
        "speed": 200,
        "spinAngle": 45,
        "spinSpeed": 450,
        "turnSpeed": 225,
        "type": "Legged",
        "weight": 10
    },
    "BaBaProp": {
        "buildPoints": 15,
        "buildPower": 1,
        "hitpointPctOfBody": 50,
        "id": "BaBaProp",
        "name": "BaBaProp",
        "speed": 200,
        "type": "Wheeled",
        "weight": 10
    },
    "CyborgLegs": {
        "buildPoints": 50,
        "buildPower": 5,
        "deceleration": 450,
        "hitpointPctOfBody": 50,
        "id": "CyborgLegs",
        "model": "cybd_stdar.pie",
        "name": "Cyborg Propulsion",
        "speed": 352,
        "spinAngle": 45,
        "spinSpeed": 450,
        "turnSpeed": 225,
        "type": "Legged",
        "weight": 320
    },
    "CyborgLegsNAS": {
        "buildPoints": 50,
        "buildPower": 5,
        "deceleration": 450,
        "hitpointPctOfBody": 50,
        "id": "CyborgLegsNAS",
        "model": "cybd_stdar.pie",
        "name": "Legged Propulsion",
        "speed": 352,
        "spinAngle": 45,
        "spinSpeed": 450,
        "turnSpeed": 225,
        "type": "Legged",
        "weight": 320
    },
    "HalfTrack": {
        "buildPoints": 75,
        "buildPower": 150,
        "designable": 1,
        "hitpointPctOfBody": 200,
        "id": "HalfTrack",
        "model": "PRLRHTR1.PIE",
        "name": "Half-tracks",
        "skidDeceleration": 500,
        "speed": 192,
        "type": "Half-Tracked",
        "weight": 420
    },
    "HalfTrackGM": {
        "buildPoints": 90,
        "buildPower": 160,
        "designable": 1,
        "hitpointPctOfBody": 250,
        "id": "HalfTrackGM",
        "model": "PRLRHTR1gm.PIE",
        "name": "Heavy Half-tracks",
        "skidDeceleration": 900,
        "speed": 173,
        "type": "Half-Tracked",
        "weight": 390
    },
    "HalfTrackNAS": {
        "buildPoints": 67.5,
        "buildPower": 175,
        "designable": 1,
        "hitpointPctOfBody": 220,
        "id": "HalfTrackNAS",
        "model": "PRLRHTR1ar.PIE",
        "name": "NASDA Half-tracks",
        "skidDeceleration": 700,
        "speed": 212,
        "type": "Half-Tracked",
        "weight": 360
    },
    "Helicopter": {
        "acceleration": 25,
        "buildPoints": 100,
        "buildPower": 100,
        "deceleration": 250,
        "designable": 1,
        "hitpointPctOfBody": 275,
        "id": "Helicopter",
        "model": "PRLHELI1.PIE",
        "name": "Helicopter",
        "speed": 640,
        "spinSpeed": 5,
        "turnSpeed": 10,
        "type": "Lift",
        "weight": 350
    },
    "MechLegs": {
        "buildPoints": 50,
        "buildPower": 5,
        "deceleration": 450,
        "hitpointPctOfBody": 50,
        "id": "MechLegs",
        "name": "Mech Propulsion",
        "speed": 352,
        "spinAngle": 45,
        "spinSpeed": 450,
        "turnSpeed": 225,
        "type": "Tracked",
        "weight": 320
    },
    "Naval": {
        "buildPoints": 150,
        "buildPower": 75,
        "designable": 1,
        "hitpointPctOfBody": 300,
        "id": "Naval",
        "model": "prhnaval1.pie",
        "name": "Naval",
        "speed": 300,
        "type": "Propellor",
        "weight": 300
    },
    "V-Tol": {
        "acceleration": 200,
        "buildPoints": 125,
        "buildPower": 400,
        "deceleration": 1000,
        "designable": 1,
        "hitpointPctOfBody": 100,
        "id": "V-Tol",
        "model": "DPVTOL.PIE",
        "name": "VTOL",
        "speed": 1280,
        "spinSpeed": 200,
        "turnSpeed": 100,
        "type": "Lift",
        "weight": 90
    },
    "ZNULLPROP": {
        "id": "ZNULLPROP",
        "model": "MIBNKDRL.PIE",
        "name": "ZNULLPROP",
        "type": "Wheeled"
    },
    "hover01": {
        "buildPoints": 100,
        "buildPower": 325,
        "designable": 1,
        "hitpointPctOfBody": 125,
        "id": "hover01",
        "model": "PRLHOV1.PIE",
        "name": "Hover",
        "skidDeceleration": 100,
        "speed": 384,
        "type": "Hover",
        "weight": 210
    },
    "hover01NAS": {
        "buildPoints": 90,
        "buildPower": 350,
        "designable": 1,
        "hitpointPctOfBody": 140,
        "id": "hover01NAS",
        "model": "PRLHOV1ar.PIE",
        "name": "NASDA Hover",
        "skidDeceleration": 150,
        "speed": 404,
        "type": "Hover",
        "weight": 170
    },
    "tracked01": {
        "buildPoints": 125,
        "buildPower": 225,
        "designable": 1,
        "hitpointPctOfBody": 350,
        "id": "tracked01",
        "model": "PRLRTRK1.PIE",
        "name": "Tracks",
        "speed": 141,
        "spinAngle": 45,
        "type": "Tracked",
        "weight": 340
    },
    "tracked01GM": {
        "buildPoints": 150,
        "buildPower": 240,
        "designable": 1,
        "hitpointPctOfBody": 400,
        "id": "tracked01GM",
        "model": "PRLRTRK1gm.PIE",
        "name": "Heavy Tracks",
        "speed": 154,
        "spinAngle": 45,
        "type": "Tracked",
        "weight": 300
    },
    "tracked01NAS": {
        "buildPoints": 112,
        "buildPower": 250,
        "designable": 1,
        "hitpointPctOfBody": 370,
        "id": "tracked01NAS",
        "model": "PRLRTRK1ar.PIE",
        "name": "NASDA Tracks",
        "speed": 161,
        "spinAngle": 45,
        "type": "Tracked",
        "weight": 260
    },
    "wheeled01": {
        "buildPoints": 10,
        "buildPower": 5,
        "designable": 1,
        "hitpointPctOfBody": 120,
        "id": "wheeled01",
        "model": "PRLRWHL1.PIE",
        "name": "Wheels",
        "skidDeceleration": 350,
        "speed": 295,
        "type": "Wheeled",
        "weight": 320
    },
    "wheeled01GM": {
        "buildPoints": 35,
        "buildPower": 50,
        "designable": 1,
        "hitpointPctOfBody": 150,
        "id": "wheeled01GM",
        "model": "PRLRWHL1gm.PIE",
        "name": "Heavy Wheels",
        "skidDeceleration": 350,
        "speed": 275,
        "type": "Wheeled",
        "weight": 290
    },
    "wheeled01NAS": {
        "buildPoints": 10,
        "buildPower": 75,
        "designable": 1,
        "hitpointPctOfBody": 125,
        "id": "wheeled01NAS",
        "model": "PRLRWHL1ar.PIE",
        "name": "NASDA Wheels",
        "skidDeceleration": 500,
        "speed": 315,
        "type": "Wheeled",
        "weight": 250
    }
}