{
    "Half-Tracked": {
        "flightName": "GROUND",
        "multiplier": 135
    },
    "Hover": {
        "flightName": "GROUND",
        "multiplier": 120
    },
    "Legged": {
        "flightName": "GROUND",
        "multiplier": 150
    },
    "Lift": {
        "flightName": "AIR",
        "multiplier": 150
    },
    "Propellor": {
        "flightName": "GROUND",
        "multiplier": 100
    },
    "Tracked": {
        "flightName": "GROUND",
        "multiplier": 95
    },
    "Wheeled": {
        "flightName": "GROUND",
        "multiplier": 120
    }
}