{
    "AutoRepair": {
        "id": "AutoRepair",
        "location": "DEFAULT",
        "name": "Auto Repair",
        "repairPoints": 100,
        "time": 75
    },
    "CyborgHeavyRepair": {
        "buildPoints": 500,
        "buildPower": 75,
        "droidType": "CYBORG_REPAIR",
        "id": "CyborgHeavyRepair",
        "location": "TURRET",
        "model": "GNMREPR2.PIE",
        "mountModel": "scbody.pie",
        "name": "Self-Repairing Heavy Cyborg",
        "repairPoints": 100,
        "time": 1,
        "weight": 7600
    },
    "CyborgRepair": {
        "buildPoints": 100,
        "buildPower": 17,
        "droidType": "CYBORG_REPAIR",
        "id": "CyborgRepair",
        "location": "TURRET",
        "model": "cy_rep.pie",
        "mountModel": "cybodyar.pie",
        "name": "Repair Cyborg",
        "repairPoints": 32,
        "time": 7,
        "weight": 3700
    },
    "CyborgRepairNAS": {
        "buildPoints": 100,
        "buildPower": 17,
        "droidType": "CYBORG_REPAIR",
        "id": "CyborgRepairNAS",
        "location": "TURRET",
        "model": "cy_rep.pie",
        "mountModel": "cybodyar.pie",
        "name": "NASDA Repair Cyborg",
        "repairPoints": 37,
        "time": 7,
        "weight": 3700
    },
    "HeavyRepair": {
        "buildPoints": 500,
        "buildPower": 75,
        "designable": 1,
        "droidType": "DROID_REPAIR",
        "id": "HeavyRepair",
        "location": "TURRET",
        "model": "GNMREPR2.PIE",
        "mountModel": "TRMECM1.PIE",
        "name": "Heavy Repair Turret",
        "repairPoints": 150,
        "time": 7,
        "weight": 36000
    },
    "HvyCybRepair": {
        "buildPoints": 50,
        "buildPower": 5,
        "droidType": "CYBORG_REPAIR",
        "id": "HvyCybRepair",
        "location": "TURRET",
        "model": "cy_rep.pie",
        "mountModel": "scbody.pie",
        "name": "HvyCybRepair",
        "repairPoints": 6,
        "time": 1
    },
    "LightRepair1": {
        "buildPoints": 250,
        "buildPower": 25,
        "designable": 1,
        "droidType": "DROID_REPAIR",
        "id": "LightRepair1",
        "location": "TURRET",
        "model": "GNMREPAR.PIE",
        "mountModel": "TRMECM1.PIE",
        "name": "Repair Turret",
        "repairPoints": 50,
        "time": 7,
        "weight": 8000
    },
    "LightRepairNAS": {
        "buildPoints": 225,
        "buildPower": 40,
        "designable": 1,
        "droidType": "DROID_REPAIR",
        "id": "LightRepairNAS",
        "location": "TURRET",
        "model": "GNMREPARAR.PIE",
        "mountModel": "TRMECM1AR.PIE",
        "name": "NASDA Repair Turret",
        "repairPoints": 60,
        "time": 7,
        "weight": 7600
    },
    "NEXUSrepair": {
        "droidType": "DROID_REPAIR",
        "id": "NEXUSrepair",
        "location": "DEFAULT",
        "name": "NEXUSrepair",
        "repairPoints": 100,
        "time": 100
    },
    "ZNULLREPAIR": {
        "id": "ZNULLREPAIR",
        "location": "DEFAULT",
        "name": "ZNULLREPAIR",
        "time": 100
    }
}