{
    "BaBaSensor": {
        "buildPoints": 1,
        "buildPower": 1,
        "hitpoints": 1,
        "id": "BaBaSensor",
        "location": "DEFAULT",
        "name": "*BaBa Default Sensor*",
        "power": 100,
        "range": 1536,
        "type": "STANDARD",
        "weight": 2000
    },
    "BunkerSensor": {
        "id": "BunkerSensor",
        "location": "DEFAULT",
        "name": "*Bunker Sensor*",
        "power": 500,
        "range": 1088,
        "type": "STANDARD"
    },
    "CCSensor": {
        "buildPoints": 1,
        "buildPower": 1,
        "hitpoints": 200,
        "id": "CCSensor",
        "location": "TURRET",
        "mountModel": "TRLSNSR1.PIE",
        "name": "*CC Sensor*",
        "power": 1000,
        "range": 2048,
        "sensorModel": "misensor.PIE",
        "type": "STANDARD",
        "weight": 20
    },
    "CCSensor02": {
        "buildPoints": 1,
        "buildPower": 1,
        "hitpoints": 200,
        "id": "CCSensor02",
        "location": "TURRET",
        "mountModel": "TRLSNSR1ar.PIE",
        "name": "Fortified CC Sensor",
        "power": 1000,
        "range": 3000,
        "sensorModel": "GNHSNSR3.PIE",
        "type": "STANDARD",
        "weight": 20
    },
    "DefaultSensor1Mk1": {
        "id": "DefaultSensor1Mk1",
        "location": "DEFAULT",
        "name": "*Default Sensor*",
        "power": 500,
        "range": 1024,
        "type": "STANDARD"
    },
    "EmplacementSensor": {
        "id": "EmplacementSensor",
        "location": "DEFAULT",
        "name": "*Emplacement Sensor*",
        "power": 500,
        "range": 1152,
        "type": "STANDARD"
    },
    "FortressSensor": {
        "id": "FortressSensor",
        "location": "DEFAULT",
        "name": "*Fortress Sensor*",
        "power": 500,
        "range": 1536,
        "type": "STANDARD"
    },
    "HardpointSensor": {
        "id": "HardpointSensor",
        "location": "DEFAULT",
        "name": "*Hardpoint Sensor*",
        "power": 500,
        "range": 1152,
        "type": "STANDARD"
    },
    "HardpointSensor02": {
        "id": "HardpointSensor02",
        "location": "DEFAULT",
        "name": "*Hardpoint Sensor02*",
        "power": 500,
        "range": 1280,
        "type": "STANDARD"
    },
    "HardpointSensor03": {
        "id": "HardpointSensor03",
        "location": "DEFAULT",
        "name": "*Hardpoint Sensor03*",
        "power": 500,
        "range": 1408,
        "type": "STANDARD"
    },
    "HardpointSensor04": {
        "id": "HardpointSensor04",
        "location": "DEFAULT",
        "name": "*Hardpoint Sensor04*",
        "power": 500,
        "range": 1664,
        "type": "STANDARD"
    },
    "NavGunSensor": {
        "id": "NavGunSensor",
        "location": "DEFAULT",
        "name": "*Nexus Sensor*",
        "power": 500,
        "range": 2048,
        "type": "STANDARD"
    },
    "RadarDetector": {
        "buildPoints": 100,
        "buildPower": 10,
        "designable": 1,
        "hitpoints": 200,
        "id": "RadarDetector",
        "location": "TURRET",
        "mountModel": "TRMECM2.PIE",
        "name": "Radar Detector",
        "power": 500,
        "range": 1024,
        "sensorModel": "RADARSENSOR.PIE",
        "type": "RADAR DETECTOR",
        "weight": 2000
    },
    "RadarDetectorHvy": {
        "buildPoints": 351,
        "buildPower": 35,
        "designable": 1,
        "hitpoints": 200,
        "id": "RadarDetectorHvy",
        "location": "TURRET",
        "mountModel": "TRHSNSR3.PIE",
        "name": "Large Radar Detector",
        "power": 500,
        "range": 1920,
        "sensorModel": "RADARSENSORHVY.PIE",
        "type": "RADAR DETECTOR",
        "weight": 159980
    },
    "ScavSensor": {
        "buildPoints": 100,
        "buildPower": 10,
        "droidType": "DROID_SENSOR",
        "hitpoints": 200,
        "id": "ScavSensor",
        "location": "TURRET",
        "mountModel": "TRLSNSR1AR.PIE",
        "name": "*BaBa Sensor*",
        "power": 1000,
        "range": 1536,
        "sensorModel": "gnlsnsr1ar.pie",
        "type": "STANDARD"
    },
    "Sensor-WideSpec": {
        "buildPoints": 500,
        "buildPower": 250,
        "designable": 1,
        "droidType": "DROID_SENSOR",
        "hitpoints": 200,
        "id": "Sensor-WideSpec",
        "location": "TURRET",
        "mountModel": "TRHSNSR3.PIE",
        "name": "Wide Spectrum Sensor",
        "power": 100,
        "range": 2816,
        "sensorModel": "GNHSNSR4.PIE",
        "type": "SUPER",
        "weight": 34000
    },
    "Sensor-WideSpecTower": {
        "buildPoints": 500,
        "buildPower": 250,
        "hitpoints": 200,
        "id": "Sensor-WideSpecTower",
        "location": "TURRET",
        "mountModel": "TRHSNSR3.PIE",
        "name": "Wide Spectrum Tower",
        "power": 100,
        "range": 3200,
        "sensorModel": "GNHSNSR4.PIE",
        "type": "SUPER",
        "weight": 34000
    },
    "SensorTower1Mk1": {
        "buildPoints": 25,
        "buildPower": 2,
        "hitpoints": 200,
        "id": "SensorTower1Mk1",
        "location": "TURRET",
        "mountModel": "TRLSNSR1.PIE",
        "name": "Sensor Tower",
        "power": 100,
        "range": 2048,
        "sensorModel": "GNLSNSR1.PIE",
        "type": "STANDARD",
        "weight": 2000
    },
    "SensorTower2Mk1": {
        "buildPoints": 250,
        "buildPower": 50,
        "hitpoints": 200,
        "id": "SensorTower2Mk1",
        "location": "TURRET",
        "mountModel": "TRMSNSR2.PIE",
        "name": "Hardened Sensor Tower",
        "power": 100,
        "range": 2304,
        "sensorModel": "GNLSNSR1.PIE",
        "type": "STANDARD",
        "weight": 2000
    },
    "SensorTurret1Mk1": {
        "buildPoints": 100,
        "buildPower": 10,
        "designable": 1,
        "droidType": "DROID_SENSOR",
        "hitpoints": 200,
        "id": "SensorTurret1Mk1",
        "location": "TURRET",
        "mountModel": "TRLSNSR1.PIE",
        "name": "Sensor Turret",
        "power": 1000,
        "range": 2048,
        "sensorModel": "GNLSNSR1.PIE",
        "type": "STANDARD",
        "weight": 4000
    },
    "Sys-CBTower01": {
        "buildPoints": 250,
        "buildPower": 125,
        "hitpoints": 200,
        "id": "Sys-CBTower01",
        "location": "TURRET",
        "mountModel": "TRMSNSR2.PIE",
        "name": "*CB Tower*",
        "power": 1000,
        "range": 2048,
        "sensorModel": "GNMECM2.PIE",
        "type": "INDIRECT CB",
        "weight": 2000
    },
    "Sys-CBTurret01": {
        "buildPoints": 250,
        "buildPower": 125,
        "designable": 1,
        "droidType": "DROID_SENSOR",
        "hitpoints": 200,
        "id": "Sys-CBTurret01",
        "location": "TURRET",
        "mountModel": "TRMSNSR2.PIE",
        "name": "CB Radar Turret",
        "power": 1000,
        "range": 2048,
        "sensorModel": "GNMECM2.PIE",
        "type": "INDIRECT CB",
        "weight": 10000
    },
    "Sys-VTOLCBTower01": {
        "buildPoints": 250,
        "buildPower": 125,
        "hitpoints": 200,
        "id": "Sys-VTOLCBTower01",
        "location": "TURRET",
        "mountModel": "trmecm2.pie",
        "name": "VTOL CB Radar Tower",
        "power": 1000,
        "range": 2048,
        "sensorModel": "gnmecm1.pie",
        "type": "VTOL CB",
        "weight": 2000
    },
    "Sys-VTOLCBTurret01": {
        "buildPoints": 250,
        "buildPower": 125,
        "designable": 1,
        "droidType": "DROID_SENSOR",
        "hitpoints": 200,
        "id": "Sys-VTOLCBTurret01",
        "location": "TURRET",
        "mountModel": "trmecm2.pie",
        "name": "VTOL CB Radar Turret",
        "power": 1000,
        "range": 2048,
        "sensorModel": "gnmecm1.pie",
        "type": "VTOL CB",
        "weight": 14000
    },
    "Sys-VTOLRadarTower01": {
        "buildPoints": 100,
        "buildPower": 10,
        "hitpoints": 200,
        "id": "Sys-VTOLRadarTower01",
        "location": "TURRET",
        "mountModel": "TRMECM2.PIE",
        "name": "VTOL Radar Tower",
        "power": 1000,
        "range": 2048,
        "sensorModel": "GNMSNSR2.PIE",
        "type": "VTOL INTERCEPT",
        "weight": 2000
    },
    "Sys-VstrikeTurret01": {
        "buildPoints": 175,
        "buildPower": 87,
        "designable": 1,
        "droidType": "DROID_SENSOR",
        "id": "Sys-VstrikeTurret01",
        "location": "TURRET",
        "mountModel": "TRLSNSR1.PIE",
        "name": "VTOL Strike Turret",
        "power": 1000,
        "range": 2048,
        "sensorModel": "GNMSNSR2.PIE",
        "type": "VTOL INTERCEPT",
        "weight": 14000
    },
    "TowerSensor": {
        "id": "TowerSensor",
        "location": "DEFAULT",
        "name": "*Tower Sensor*",
        "power": 500,
        "range": 1408,
        "type": "STANDARD"
    },
    "TowerSensor02": {
        "id": "TowerSensor02",
        "location": "DEFAULT",
        "name": "*Tower Sensor02*",
        "power": 500,
        "range": 1600,
        "type": "STANDARD"
    },
    "TowerSensor03": {
        "id": "TowerSensor03",
        "location": "DEFAULT",
        "name": "*Tower Sensor03*",
        "power": 500,
        "range": 1856,
        "type": "STANDARD"
    },
    "TowerSensor04": {
        "id": "TowerSensor04",
        "location": "DEFAULT",
        "name": "*Tower Sensor04*",
        "power": 500,
        "range": 2176,
        "type": "STANDARD"
    },
    "UplinkSensor": {
        "buildPoints": 1,
        "buildPower": 1,
        "hitpoints": 200,
        "id": "UplinkSensor",
        "location": "TURRET",
        "mountModel": "TRLSNSR1.PIE",
        "name": "Uplink Sensor",
        "power": 1000,
        "range": 2304,
        "sensorModel": "miupdish.PIE",
        "type": "SUPER",
        "weight": 20
    },
    "ZNULLSENSOR": {
        "id": "ZNULLSENSOR",
        "location": "DEFAULT",
        "mountModel": "trlsnsr1.PIE",
        "name": "ZNULLSENSOR",
        "power": 500,
        "range": 1024,
        "sensorModel": "gnlsnsr1.PIE",
        "type": "STANDARD"
    }
}