{
    "bakedearth": {
        "comment": "Baked Earth",
        "id": 3,
        "speedFactor": {
            "half-tracked": 135,
            "hover": 150,
            "legged": 100,
            "lift": 250,
            "propellor": 100,
            "tracked": 120,
            "wheeled": 150
        }
    },
    "cliff_face": {
        "comment": "Cliff Face",
        "id": 8,
        "speedFactor": {
            "half-tracked": 60,
            "hover": 80,
            "legged": 60,
            "lift": 250,
            "propellor": 100,
            "tracked": 60,
            "wheeled": 60
        }
    },
    "greenmud": {
        "comment": "Green Mud",
        "id": 2,
        "speedFactor": {
            "half-tracked": 135,
            "hover": 150,
            "legged": 100,
            "lift": 250,
            "propellor": 100,
            "tracked": 120,
            "wheeled": 135
        }
    },
    "pinkrock": {
        "comment": "Pink Rock",
        "id": 5,
        "speedFactor": {
            "half-tracked": 135,
            "hover": 120,
            "legged": 100,
            "lift": 250,
            "propellor": 100,
            "tracked": 110,
            "wheeled": 150
        }
    },
    "redbrush": {
        "comment": "Red Brush",
        "id": 4,
        "speedFactor": {
            "half-tracked": 130,
            "hover": 140,
            "legged": 100,
            "lift": 250,
            "propellor": 100,
            "tracked": 115,
            "wheeled": 140
        }
    },
    "road": {
        "comment": "Road",
        "id": 6,
        "speedFactor": {
            "half-tracked": 135,
            "hover": 150,
            "legged": 100,
            "lift": 250,
            "propellor": 100,
            "tracked": 120,
            "wheeled": 150
        }
    },
    "rubble": {
        "comment": "Rubble",
        "id": 9,
        "speedFactor": {
            "half-tracked": 135,
            "hover": 120,
            "legged": 100,
            "lift": 250,
            "propellor": 100,
            "tracked": 120,
            "wheeled": 140
        }
    },
    "sand": {
        "comment": "Sand",
        "id": 0,
        "speedFactor": {
            "half-tracked": 125,
            "hover": 150,
            "legged": 100,
            "lift": 250,
            "propellor": 100,
            "tracked": 110,
            "wheeled": 140
        }
    },
    "sandybrush": {
        "comment": "Sandy Brush",
        "id": 1,
        "speedFactor": {
            "half-tracked": 130,
            "hover": 140,
            "legged": 100,
            "lift": 250,
            "propellor": 100,
            "tracked": 115,
            "wheeled": 140
        }
    },
    "sheetice": {
        "comment": "Sheet Ice",
        "id": 10,
        "speedFactor": {
            "half-tracked": 130,
            "hover": 150,
            "legged": 100,
            "lift": 250,
            "propellor": 100,
            "tracked": 120,
            "wheeled": 150
        }
    },
    "slush": {
        "comment": "Slush",
        "id": 11,
        "speedFactor": {
            "half-tracked": 130,
            "hover": 150,
            "legged": 100,
            "lift": 250,
            "propellor": 100,
            "tracked": 120,
            "wheeled": 135
        }
    },
    "water": {
        "comment": "Water",
        "id": 7,
        "speedFactor": {
            "half-tracked": 60,
            "hover": 120,
            "legged": 60,
            "lift": 250,
            "propellor": 100,
            "tracked": 60,
            "wheeled": 60
        }
    }
}